Fold,Accuracy,Precision,Recall,F1-Score,ROC_AUC
1,0.9886666666666667,0.9887263711949836,0.9886666666666667,0.9886505840386873,0.9994593929662816
2,0.9896666666666667,0.9897311140220727,0.9896666666666667,0.9896468800857915,0.9996039549550872
3,0.9906666666666667,0.9907054189573482,0.9906666666666667,0.9906567435267015,0.9994718180143674
4,0.993,0.9930090192475208,0.993,0.9929951044517996,0.9995850479085294
5,0.9963333333333333,0.9963335111111111,0.9963333333333333,0.9963323599847477,0.9999422243438201
